{"cameraMode":{"drawMode":0,"name":"Shaded","section":"Shading Mode"},"sceneLighting":true,"audioPlay":false,"sceneViewState":{"m_AlwaysRefresh":false,"showFog":true,"showSkybox":true,"showFlares":true,"showImageEffects":true,"showParticleSystems":true,"showVisualEffectGraphs":true,"m_FxEnabled":true},"in2DMode":false,"pivot":{"x":1.1400256156921387,"y":-0.9506790637969971,"z":0.0974118709564209},"rotation":{"x":0.1523973047733307,"y":0.47530969977378847,"z":-0.08399047702550888,"w":0.8624500036239624},"size":4.132173538208008,"orthographic":true}